{"nodes":{"node:1":{"location":{"x":-72,"y":-32}}},"selection":null,"view":{"scroll":{"x":-955.07647705078125,"y":-533.53057861328125},"visible_rect":{"max":{"x":559.68463134765625,"y":391.27978515625},"min":{"x":-488.199920654296875,"y":-272.72119140625}},"zoom":1.95632243156433105}}